{
    "accuracy": 0.9977728285077951,
    "f1_score": 0.9976808905380334
}