{
    "accuracy": 0.9851893095768374,
    "f1_score": 0.9846296082283601
}