{
    "accuracy": 0.9978841870824053,
    "f1_score": 0.9977976121479077
}