{
    "accuracy": 0.5276169265033408,
    "f1_score": 0.03590909090909091
}